CREATE TABLE IF NOT EXISTS Address(ID INT NOT NULL AUTO_INCREMENT,Address1 VARCHAR(255) NULL DEFAULT NULL,Address2 VARCHAR(255) NULL DEFAULT NULL,City VARCHAR(255) NULL DEFAULT NULL,StateAbbreviation VARCHAR(2) NULL DEFAULT NULL,ZipCode INT(5) NULL DEFAULT NULL,PRIMARY KEY ( ID ));
CREATE TABLE IF NOT EXISTS User(ID INT NOT NULL AUTO_INCREMENT,EmailAddress VARCHAR(255) NOT NULL,Password VARCHAR(255) NOT NULL,Type VARCHAR(255) NULL DEFAULT NULL,FullName VARCHAR(255) NULL DEFAULT NULL,AddressId INT,PhoneNumber VARCHAR(255) NULL DEFAULT NULL,PRIMARY KEY ( ID ),CONSTRAINT FK_AddressId FOREIGN KEY (AddressId) REFERENCES Address(ID));
CREATE TABLE IF NOT EXISTS CreditCard(ID INT NOT NULL AUTO_INCREMENT,OwnerId INT NOT NULL,CardType VARCHAR(255) NULL DEFAULT NULL,CardNumber VARCHAR(255) NULL DEFAULT NULL,CCV INT(3) NULL DEFAULT NULL,ExpirationMonth INT(2) NULL DEFAULT NULL,ExpirationYear INT(4) NULL DEFAULT NULL,PRIMARY KEY ( ID ),CONSTRAINT FK_OwnerId FOREIGN KEY (OwnerId) REFERENCES User(ID));
CREATE TABLE IF NOT EXISTS Movie(ID INT NOT NULL AUTO_INCREMENT,Name VARCHAR(255) NULL DEFAULT NULL,Genre VARCHAR(255) NULL DEFAULT NULL,ThumbnailName VARCHAR(255) NULL DEFAULT NULL,ThumbnailData MEDIUMBLOB NULL DEFAULT NULL,Description VARCHAR(255) NULL DEFAULT NULL,Runtime INT(3) NULL DEFAULT NULL,Rating VARCHAR(255) NULL DEFAULT NULL,PRIMARY KEY ( ID ));
CREATE TABLE IF NOT EXISTS Review(ID INT NOT NULL AUTO_INCREMENT,ReviewerId INT,Review VARCHAR(255) NULL DEFAULT NULL,Rating INT(1),MovieId INT,PRIMARY KEY ( ID ),CONSTRAINT FK_ReviewerId FOREIGN KEY (ReviewerId) REFERENCES User(ID),CONSTRAINT FK_MovieId FOREIGN KEY (MovieId) REFERENCES Movie(ID));
CREATE TABLE IF NOT EXISTS Orders(ID INT NOT NULL AUTO_INCREMENT,Date VARCHAR(255) NULL DEFAULT NULL,OurId VARCHAR(36) NULL DEFAULT NULL,CustomerId INT,Cost DECIMAL(25) NULL DEFAULT NULL,CreditCardId INT,BillingAddressId INT,ShippingAddressId INT,PRIMARY KEY ( ID ),CONSTRAINT FK_CustomerId FOREIGN KEY (CustomerId) REFERENCES User(ID),CONSTRAINT FK_BillingAddressId FOREIGN KEY (BillingAddressId) REFERENCES Address(ID),CONSTRAINT FK_ShippingAddressId FOREIGN KEY (ShippingAddressId) REFERENCES Address(ID),CONSTRAINT FK_CreditCardId FOREIGN KEY (CreditCardId) REFERENCES CreditCard(ID));
CREATE TABLE IF NOT EXISTS OrdersMovies(ID INT NOT NULL AUTO_INCREMENT,OrdersId INT,MovieId INT,NumTickets INT(3) NULL DEFAULT NULL,PRIMARY KEY ( ID ),CONSTRAINT FK_OrdersId FOREIGN KEY (OrdersId) REFERENCES Orders(ID),CONSTRAINT FK_MovieInOrdersId FOREIGN KEY (MovieId) REFERENCES Movie(ID));
CREATE TABLE IF NOT EXISTS Theatre(ID INT NOT NULL AUTO_INCREMENT,Name VARCHAR(255) NULL DEFAULT NULL,AddressId INT,OwnerId INT,PRIMARY KEY ( ID ),CONSTRAINT FK_TheatreAddressId FOREIGN KEY (AddressId) REFERENCES Address(ID),CONSTRAINT FK_TheatreOwnerId FOREIGN KEY (OwnerId) REFERENCES User(ID));
CREATE TABLE IF NOT EXISTS Showroom(ID INT NOT NULL AUTO_INCREMENT,Name VARCHAR(255) NULL DEFAULT NULL,Capacity INT(3),TheatreId INT,PRIMARY KEY ( ID ),CONSTRAINT FK_TheatreId FOREIGN KEY (TheatreId) REFERENCES Theatre(ID));
CREATE TABLE IF NOT EXISTS MovieShowing(ID INT NOT NULL AUTO_INCREMENT,MovieId INT,ShowroomId INT,StartTime VARCHAR(255) NULL DEFAULT NULL,EndTime VARCHAR(255) NULL DEFAULT NULL,NumTicketsSold INT(3) NULL DEFAULT NULL,Cost DECIMAL(25) NULL DEFAULT NULL,PRIMARY KEY ( ID ),CONSTRAINT FK_MovieInShowingId FOREIGN KEY (MovieId) REFERENCES Movie(ID),CONSTRAINT FK_ShowroomId FOREIGN KEY (ShowroomId) REFERENCES Showroom(ID));
INSERT INTO Address VALUES (100, '5487 S. Minesota Ave.', 'Suite #6', 'Sioux Falls', 'SD', 57106);
INSERT INTO Address VALUES (200, '9837 Z Street', '', 'Lincoln', 'NE', 15489);
INSERT INTO Address VALUES (300, '101 Independence Ave SE', '', 'Washington', 'DC', 20540);
INSERT INTO Address VALUES (400, '879 N. North St.', '', 'Juneau', 'AL', 59754);
INSERT INTO Address VALUES (500, '987 E. East St.', '', 'Denver', 'CO', 26489);
INSERT INTO Address VALUES (600, '9001 Dragon Ref', 'Suite #B2', 'Kailua', 'HI', 59764);
INSERT INTO Movie (ID, Name, Genre, ThumbnailName, Description, Runtime, Rating) VALUES (100, 'The Cat with the Kind and Reassuring Face - The Movie', 'Action', 'https://78.media.tumblr.com/21b015f2e221dce2edf87adb531dfd98/tumblr_inline_ovbvr6cmPh1ret3g1_500.jpg', 'This is an excuse to put this thumbnail here.', 999, 'PG');
INSERT INTO Movie (ID, Name, Genre, ThumbnailName, Description, Runtime, Rating) VALUES (200, 'The Shawshank Redemption', 'Drama', 'https://ae01.alicdn.com/kf/HTB1o.8xPVXXXXX_XXXXq6xXFXXX3/Dropship-The-Shawshank-Redemption-Nostalgia-classic-movie-kraft-paper-bar-poster-Retro-Poster-decorative-painting.jpg_640x640.jpg', 'Man uses a poster of Rita Hayworth in an unusual way.', 144, 'PG-13');
INSERT INTO Movie (ID, Name, Genre, ThumbnailName, Description, Runtime, Rating) VALUES (300, 'Get Out', 'Horror', 'https://images-na.ssl-images-amazon.com/images/M/MV5BMjUxMDQwNjcyNl5BMl5BanBnXkFtZTgwNzcwMzc0MTI@._V1_SY1000_CR0,0,675,1000_AL_.jpg', 'The State of American Minorities - The Movie.', 104, 'R');
INSERT INTO Movie (ID, Name, Genre, ThumbnailName, Description, Runtime, Rating) VALUES (400, 'The Shape of Water', 'Horror', 'https://images-na.ssl-images-amazon.com/images/M/MV5BNGNiNWQ5M2MtNGI0OC00MDA2LWI5NzEtMmZiYjVjMDEyOWYzXkEyXkFqcGdeQXVyMjM4NTM5NDY@._V1_SY1000_CR0,0,674,1000_AL_.jpg', 'Woman falls in love with fish.', 123, 'R');
INSERT INTO Movie (ID, Name, Genre, ThumbnailName, Description, Runtime, Rating) VALUES (500, 'A Hard Days Night', 'Comedy', 'http://www.theuncool.com/wp-content/uploads/2013/10/aharddaysnightposter.jpg', 'Ringo betrays the Beatles. Im serious', 92, 'G');
INSERT INTO User VALUES (100, 'QuentCov@gmail.com', 'stream_of_consciousness', 'Customer', 'Quentin Covert', 100, '6053601540');
INSERT INTO User VALUES (200, 'David.Cao22@gmail.com', 'tempPass!', 'Customer', 'David Cao', 200, '4024200664');
INSERT INTO User VALUES (300, 'Libray@of.congress', 'literally_a_library', 'Customer', 'Congress Library', 300, '4879875642');
INSERT INTO User VALUES (400, 'MonopolyMan@broad.way', 'thats_his_name', 'Owner', 'Uncle Pennybags', 300, '9989989998');
INSERT INTO User VALUES (500, 'WorldsStrongest@gmail.com', 'password', 'Owner', 'Hercule Satan', 400, '1000000001');
INSERT INTO Theatre VALUES (100, 'Quaint Theatre', 500, 400);
INSERT INTO Theatre VALUES (200, 'The Greatest Theatre', 600, 500);
INSERT INTO CreditCard VALUES (100, 100, 'Visa', 2529252925292529, 805, 05, 2019);
INSERT INTO CreditCard VALUES (200, 200, 'Visa', 1111111111111111, 876, 12, 2020);
INSERT INTO CreditCard VALUES (300, 200, 'MasterCard', 6147614761476147, 645, 01, 2019);
INSERT INTO CreditCard VALUES (400, 300, 'Visa', 8017801780178017, 128, 09, 2021);
INSERT INTO Review VALUES (100, 100, 'This movie is simply divine; I watch it while I murder people.', 5, 200);
INSERT INTO Review VALUES (200, 100, '10/10, an indisputible masterpiece.', 1, 100);
INSERT INTO Review VALUES (3, 200, '1/10, I recommend this movie only to masochists.', 4, 100);
INSERT INTO Orders VALUES (100, 'Thu Jan 06 10:52:56 IST 2018', 'a3ccf74f-bfc4-4875-b176-ab6ff0e669b5', 200, 1477.24, 100, 400, 500);
INSERT INTO Orders VALUES (200, 'Thu Jan 06 11:52:56 IST 2018', '50274b68-0a98-4e84-ac24-935881d23f9c', 200, 6611.49, 200, 100, 100);
INSERT INTO Orders VALUES (300, 'Thu Jan 07 10:52:56 IST 2018', '50274b68-0a98-4e84-ac24-935881d23f9c', 300, 765, 400, 200, 300);
INSERT INTO Showroom VALUES (100, 'Quaint Theatre #1', 500, 100);
INSERT INTO Showroom VALUES (200, 'The Greatest Showroom', 1500, 200);
INSERT INTO Showroom VALUES (300, 'The Less-Great Showroom', 900, 200);
INSERT INTO OrdersMovies VALUES (100, 100, 400, 2);
INSERT INTO OrdersMovies VALUES (200, 100, 300, 300);
INSERT INTO OrdersMovies VALUES (300, 200, 100, 51);
INSERT INTO OrdersMovies VALUES (400, 200, 200, 50);
INSERT INTO OrdersMovies VALUES (500, 200, 500, 800);
INSERT INTO OrdersMovies VALUES (600, 300, 500, 100);
INSERT INTO MovieShowing VALUES (100, 100, 100, 'Thu Jan 08 10:52:00 IST 2018', 'Thu Jan 09 3:28:00 IST 2015', 450, 6.99);
INSERT INTO MovieShowing VALUES (200, 100, 100, 'Thu Jul 08 10:52:00 IST 2018', 'Thu Jul 09 3:28:00 IST 2015', 400, 3.50);
INSERT INTO MovieShowing VALUES (300, 200, 100, 'Thu Sep 08 10:52:00 IST 2018', 'Thu Sep 09 3:28:00 IST 2015', 200, 4.87);
INSERT INTO MovieShowing VALUES (400, 300, 100, 'Thu Aug 08 10:52:00 IST 2018', 'Thu Aug 09 3:28:00 IST 2015', 500, 8.12);
INSERT INTO MovieShowing VALUES (500, 400, 200, 'Thu Feb 08 10:52:56 IST 2018', 'Thu Feb 08 1:16:56 IST 2015', 1400, 7.65);
INSERT INTO MovieShowing VALUES (600, 500, 200, 'Thu Dec 08 10:52:56 IST 2018', 'Thu Dec 08 1:16:56 IST 2015', 100, 8.45);